image,label
00000.jpg,0
00001.jpg,0
00002.jpg,1
00003.jpg,1
00004.jpg,1
00005.jpg,1
00006.jpg,1
00007.jpg,1
00008.jpg,0
00009.jpg,0
00010.jpg,1
00011.jpg,1
00012.jpg,0
00013.jpg,1
00014.jpg,0
00015.jpg,0
00016.jpg,0
00017.jpg,1
00018.jpg,1
00019.jpg,1
00020.jpg,0
00021.jpg,0
00022.jpg,1
00023.jpg,0
00024.jpg,1
00025.jpg,1
00026.jpg,1
00027.jpg,1
00028.jpg,1
00029.jpg,1
00030.jpg,0
00031.jpg,0
00032.jpg,1
00033.jpg,1
00034.jpg,1
00035.jpg,0
00036.jpg,1
00037.jpg,0
00038.jpg,0
00039.jpg,0
00040.jpg,1
00041.jpg,0
00042.jpg,0
00043.jpg,0
00044.jpg,0
00045.jpg,0
00046.jpg,0
00047.jpg,0
00048.jpg,1
00049.jpg,1
00050.jpg,1
00051.jpg,0
00052.jpg,0
00053.jpg,0
00054.jpg,1
00055.jpg,0
00056.jpg,0
00057.jpg,0
00058.jpg,1
00059.jpg,0
00060.jpg,0
00061.jpg,1
00062.jpg,0
00063.jpg,1
00064.jpg,0
00065.jpg,1
00066.jpg,0
00067.jpg,0
00068.jpg,0
00069.jpg,1
00070.jpg,0
00071.jpg,1
00072.jpg,0
00073.jpg,0
00074.jpg,0
00075.jpg,0
00076.jpg,1
00077.jpg,1
00078.jpg,0
00079.jpg,1
00080.jpg,0
00081.jpg,1
00082.jpg,1
00083.jpg,1
00084.jpg,1
00085.jpg,1
00086.jpg,1
00087.jpg,0
00088.jpg,0
00089.jpg,0
00090.jpg,1
00091.jpg,1
00092.jpg,0
00093.jpg,0
00094.jpg,0
00095.jpg,1
00096.jpg,1
00097.jpg,1
00098.jpg,1
00099.jpg,1
00100.jpg,0
00101.jpg,1
00102.jpg,1
00103.jpg,0
00104.jpg,0
00105.jpg,0
00106.jpg,1
00107.jpg,0
00108.jpg,1
00109.jpg,0
00110.jpg,0
00111.jpg,1
00112.jpg,1
00113.jpg,0
00114.jpg,0
00115.jpg,1
00116.jpg,1
00117.jpg,0
00118.jpg,1
00119.jpg,1
00120.jpg,0
00121.jpg,0
00122.jpg,1
00123.jpg,0
00124.jpg,1
00125.jpg,1
00126.jpg,1
00127.jpg,0
00128.jpg,1
00129.jpg,0
00130.jpg,0
00131.jpg,0
00132.jpg,1
00133.jpg,0
00134.jpg,0
00135.jpg,1
00136.jpg,0
00137.jpg,1
00138.jpg,0
00139.jpg,1
00140.jpg,0
00141.jpg,1
00142.jpg,1
00143.jpg,0
00144.jpg,1
00145.jpg,0
00146.jpg,0
00147.jpg,1
00148.jpg,1
00149.jpg,1
00150.jpg,0
00151.jpg,1
00152.jpg,0
00153.jpg,1
00154.jpg,1
00155.jpg,0
00156.jpg,0
00157.jpg,0
00158.jpg,0
00159.jpg,0
00160.jpg,1
00161.jpg,1
00162.jpg,0
00163.jpg,0
00164.jpg,0
00165.jpg,0
00166.jpg,1
00167.jpg,0
00168.jpg,1
00169.jpg,0
00170.jpg,0
00171.jpg,0
00172.jpg,1
00173.jpg,1
00174.jpg,0
00175.jpg,1
00176.jpg,1
00177.jpg,1
00178.jpg,0
00179.jpg,0
00180.jpg,0
00181.jpg,0
00182.jpg,1
00183.jpg,0
00184.jpg,0
00185.jpg,1
00186.jpg,1
00187.jpg,0
00188.jpg,0
00189.jpg,1
00190.jpg,0
00191.jpg,0
00192.jpg,1
00193.jpg,0
00194.jpg,1
00195.jpg,0
00196.jpg,1
00197.jpg,1
00198.jpg,1
00199.jpg,0
00200.jpg,1
00201.jpg,1
00202.jpg,1
00203.jpg,1
00204.jpg,0
00205.jpg,0
00206.jpg,1
00207.jpg,1
00208.jpg,1
00209.jpg,0
00210.jpg,0
00211.jpg,0
00212.jpg,0
00213.jpg,0
00214.jpg,0
00215.jpg,1
00216.jpg,1
00217.jpg,1
00218.jpg,1
00219.jpg,1
00220.jpg,0
00221.jpg,0
00222.jpg,0
00223.jpg,1
00224.jpg,1
00225.jpg,0
00226.jpg,1
00227.jpg,1
00228.jpg,0
00229.jpg,1
00230.jpg,1
00231.jpg,1
00232.jpg,0
00233.jpg,1
00234.jpg,1
00235.jpg,0
00236.jpg,0
00237.jpg,1
00238.jpg,0
00239.jpg,0
00240.jpg,0
00241.jpg,1
00242.jpg,1
00243.jpg,0
00244.jpg,1
00245.jpg,1
00246.jpg,1
00247.jpg,1
00248.jpg,0
00249.jpg,1
00250.jpg,1
00251.jpg,0
00252.jpg,1
00253.jpg,1
00254.jpg,1
00255.jpg,0
00256.jpg,0
00257.jpg,0
00258.jpg,1
00259.jpg,0
00260.jpg,1
00261.jpg,0
00262.jpg,1
00263.jpg,1
00264.jpg,0
00265.jpg,1
00266.jpg,1
00267.jpg,0
00268.jpg,1
00269.jpg,0
00270.jpg,1
00271.jpg,0
00272.jpg,1
00273.jpg,0
00274.jpg,0
00275.jpg,1
00276.jpg,1
00277.jpg,1
00278.jpg,0
00279.jpg,1
00280.jpg,0
00281.jpg,0
00282.jpg,0
00283.jpg,1
00284.jpg,1
00285.jpg,1
00286.jpg,0
00287.jpg,1
00288.jpg,0
00289.jpg,1
00290.jpg,1
00291.jpg,1
00292.jpg,0
00293.jpg,1
00294.jpg,1
00295.jpg,0
00296.jpg,1
00297.jpg,1
00298.jpg,0
00299.jpg,0
00300.jpg,1
00301.jpg,1
00302.jpg,0
00303.jpg,1
00304.jpg,0
00305.jpg,1
00306.jpg,0
00307.jpg,1
00308.jpg,0
00309.jpg,1
00310.jpg,1
00311.jpg,0
00312.jpg,1
00313.jpg,1
00314.jpg,1
00315.jpg,1
00316.jpg,0
00317.jpg,0
00318.jpg,0
00319.jpg,1
00320.jpg,1
00321.jpg,0
00322.jpg,0
00323.jpg,0
00324.jpg,0
00325.jpg,1
00326.jpg,0
00327.jpg,0
00328.jpg,0
00329.jpg,1
00330.jpg,0
00331.jpg,1
00332.jpg,0
00333.jpg,0
00334.jpg,0
00335.jpg,1
00336.jpg,0
00337.jpg,0
00338.jpg,1
00339.jpg,0
00340.jpg,0
00341.jpg,1
00342.jpg,1
00343.jpg,1
00344.jpg,0
00345.jpg,1
00346.jpg,0
00347.jpg,1
00348.jpg,0
00349.jpg,0
00350.jpg,1
00351.jpg,1
00352.jpg,0
00353.jpg,1
00354.jpg,0
00355.jpg,1
00356.jpg,0
00357.jpg,1
00358.jpg,0
00359.jpg,0
00360.jpg,0
00361.jpg,0
00362.jpg,1
00363.jpg,0
00364.jpg,1
00365.jpg,1
00366.jpg,0
00367.jpg,0
00368.jpg,1
00369.jpg,0
00370.jpg,0
00371.jpg,1
00372.jpg,1
00373.jpg,1
00374.jpg,0
00375.jpg,0
00376.jpg,0
00377.jpg,0
00378.jpg,1
00379.jpg,1
00380.jpg,1
00381.jpg,0
00382.jpg,1
00383.jpg,1
00384.jpg,1
00385.jpg,0
00386.jpg,1
00387.jpg,1
00388.jpg,0
00389.jpg,0
00390.jpg,1
00391.jpg,1
00392.jpg,0
00393.jpg,0
00394.jpg,0
00395.jpg,1
00396.jpg,0
00397.jpg,1
00398.jpg,1
00399.jpg,0
00400.jpg,0
00401.jpg,0
00402.jpg,0
00403.jpg,0
00404.jpg,0
00405.jpg,1
00406.jpg,1
00407.jpg,1
00408.jpg,0
00409.jpg,1
00410.jpg,1
00411.jpg,1
00412.jpg,1
00413.jpg,1
00414.jpg,0
00415.jpg,1
00416.jpg,1
00417.jpg,1
00418.jpg,1
00419.jpg,1
00420.jpg,0
00421.jpg,0
00422.jpg,0
00423.jpg,0
00424.jpg,0
00425.jpg,1
00426.jpg,1
00427.jpg,0
00428.jpg,0
00429.jpg,1
00430.jpg,1
00431.jpg,0
00432.jpg,1
00433.jpg,1
00434.jpg,1
00435.jpg,0
00436.jpg,1
00437.jpg,1
00438.jpg,0
00439.jpg,1
00440.jpg,1
00441.jpg,0
00442.jpg,1
00443.jpg,0
00444.jpg,0
00445.jpg,0
00446.jpg,1
00447.jpg,0
00448.jpg,0
00449.jpg,0
00450.jpg,1
00451.jpg,0
00452.jpg,0
00453.jpg,0
00454.jpg,1
00455.jpg,1
00456.jpg,0
00457.jpg,1
00458.jpg,1
00459.jpg,1
00460.jpg,1
00461.jpg,0
00462.jpg,1
00463.jpg,0
00464.jpg,1
00465.jpg,0
00466.jpg,1
00467.jpg,1
00468.jpg,1
00469.jpg,0
00470.jpg,1
00471.jpg,1
00472.jpg,1
00473.jpg,1
00474.jpg,1
00475.jpg,1
00476.jpg,0
00477.jpg,0
00478.jpg,0
00479.jpg,1
00480.jpg,0
00481.jpg,0
00482.jpg,1
00483.jpg,1
00484.jpg,1
00485.jpg,0
00486.jpg,1
00487.jpg,0
00488.jpg,0
00489.jpg,1
00490.jpg,0
00491.jpg,1
00492.jpg,0
00493.jpg,0
00494.jpg,0
00495.jpg,1
00496.jpg,1
00497.jpg,1
00498.jpg,1
00499.jpg,0
00500.jpg,1
00501.jpg,0
00502.jpg,0
00503.jpg,1
00504.jpg,1
00505.jpg,1
00506.jpg,0
00507.jpg,1
00508.jpg,0
00509.jpg,0
00510.jpg,0
00511.jpg,0
00512.jpg,1
00513.jpg,1
00514.jpg,0
00515.jpg,1
00516.jpg,1
00517.jpg,0
00518.jpg,0
00519.jpg,1
00520.jpg,1
00521.jpg,0
00522.jpg,0
00523.jpg,0
00524.jpg,1
00525.jpg,0
00526.jpg,1
00527.jpg,0
00528.jpg,1
00529.jpg,0
00530.jpg,0
00531.jpg,1
00532.jpg,1
00533.jpg,1
00534.jpg,0
00535.jpg,1
00536.jpg,1
00537.jpg,0
00538.jpg,1
00539.jpg,1
00540.jpg,1
00541.jpg,1
00542.jpg,1
00543.jpg,0
00544.jpg,1
00545.jpg,1
00546.jpg,0
00547.jpg,1
00548.jpg,1
00549.jpg,0
00550.jpg,0
00551.jpg,0
00552.jpg,0
00553.jpg,0
00554.jpg,1
00555.jpg,1
00556.jpg,1
00557.jpg,1
00558.jpg,0
00559.jpg,1
00560.jpg,1
00561.jpg,0
00562.jpg,1
00563.jpg,1
00564.jpg,0
00565.jpg,0
00566.jpg,1
00567.jpg,1
00568.jpg,1
00569.jpg,0
00570.jpg,1
00571.jpg,1
00572.jpg,1
00573.jpg,0
00574.jpg,1
00575.jpg,1
00576.jpg,0
00577.jpg,1
00578.jpg,1
00579.jpg,0
00580.jpg,0
00581.jpg,1
00582.jpg,1
00583.jpg,0
00584.jpg,0
00585.jpg,1
00586.jpg,0
00587.jpg,0
00588.jpg,1
00589.jpg,1
00590.jpg,1
00591.jpg,1
00592.jpg,1
00593.jpg,0
00594.jpg,1
00595.jpg,0
00596.jpg,0
00597.jpg,0
00598.jpg,0
00599.jpg,0
00600.jpg,1
00601.jpg,1
00602.jpg,1
00603.jpg,1
00604.jpg,0
00605.jpg,0
00606.jpg,1
00607.jpg,1
00608.jpg,1
00609.jpg,1
00610.jpg,0
00611.jpg,0
00612.jpg,0
00613.jpg,1
00614.jpg,1
00615.jpg,0
00616.jpg,0
00617.jpg,0
00618.jpg,0
00619.jpg,1
00620.jpg,1
00621.jpg,1
00622.jpg,1
00623.jpg,1
00624.jpg,0
00625.jpg,1
00626.jpg,0
00627.jpg,0
00628.jpg,1
00629.jpg,1
00630.jpg,1
00631.jpg,0
00632.jpg,1
00633.jpg,1
00634.jpg,1
00635.jpg,0
00636.jpg,1
00637.jpg,0
00638.jpg,1
00639.jpg,0
00640.jpg,0
00641.jpg,0
00642.jpg,1
00643.jpg,0
00644.jpg,0
00645.jpg,1
00646.jpg,0
00647.jpg,0
00648.jpg,0
00649.jpg,1
00650.jpg,1
00651.jpg,1
00652.jpg,1
00653.jpg,1
00654.jpg,0
00655.jpg,1
00656.jpg,1
00657.jpg,0
00658.jpg,0
00659.jpg,1
00660.jpg,1
00661.jpg,1
00662.jpg,0
00663.jpg,1
00664.jpg,1
00665.jpg,1
00666.jpg,0
00667.jpg,1
00668.jpg,0
00669.jpg,1
00670.jpg,1
00671.jpg,0
00672.jpg,1
00673.jpg,1
00674.jpg,0
00675.jpg,1
00676.jpg,1
00677.jpg,0
00678.jpg,1
00679.jpg,1
00680.jpg,0
00681.jpg,1
00682.jpg,1
00683.jpg,1
00684.jpg,0
00685.jpg,0
00686.jpg,0
00687.jpg,1
00688.jpg,1
00689.jpg,0
00690.jpg,0
00691.jpg,1
00692.jpg,0
00693.jpg,1
00694.jpg,1
00695.jpg,0
00696.jpg,0
00697.jpg,0
00698.jpg,1
00699.jpg,1
00700.jpg,0
00701.jpg,0
00702.jpg,1
00703.jpg,1
00704.jpg,0
00705.jpg,0
00706.jpg,0
00707.jpg,1
00708.jpg,1
00709.jpg,1
00710.jpg,1
00711.jpg,1
00712.jpg,1
00713.jpg,0
00714.jpg,1
00715.jpg,0
00716.jpg,0
00717.jpg,1
00718.jpg,1
00719.jpg,1
00720.jpg,0
00721.jpg,1
00722.jpg,0
00723.jpg,0
00724.jpg,0
00725.jpg,1
00726.jpg,1
00727.jpg,0
00728.jpg,0
00729.jpg,1
00730.jpg,1
00731.jpg,0
00732.jpg,0
00733.jpg,0
00734.jpg,1
00735.jpg,1
00736.jpg,1
00737.jpg,1
00738.jpg,1
00739.jpg,0
00740.jpg,1
00741.jpg,0
00742.jpg,0
00743.jpg,0
00744.jpg,0
00745.jpg,0
00746.jpg,0
00747.jpg,1
00748.jpg,1
00749.jpg,0
00750.jpg,1
00751.jpg,0
00752.jpg,1
00753.jpg,1
00754.jpg,0
00755.jpg,0
00756.jpg,1
00757.jpg,1
00758.jpg,0
00759.jpg,0
00760.jpg,1
00761.jpg,1
00762.jpg,0
00763.jpg,1
00764.jpg,1
00765.jpg,1
00766.jpg,0
00767.jpg,0
00768.jpg,1
00769.jpg,0
00770.jpg,1
00771.jpg,1
00772.jpg,0
00773.jpg,1
00774.jpg,0
00775.jpg,0
00776.jpg,1
00777.jpg,0
00778.jpg,0
00779.jpg,0
00780.jpg,0
00781.jpg,1
00782.jpg,0
00783.jpg,1
00784.jpg,1
00785.jpg,0
00786.jpg,0
00787.jpg,1
00788.jpg,1
00789.jpg,1
00790.jpg,1
00791.jpg,1
00792.jpg,1
00793.jpg,1
00794.jpg,1
00795.jpg,1
00796.jpg,1
00797.jpg,0
00798.jpg,0
00799.jpg,1
00800.jpg,1
00801.jpg,1
00802.jpg,1
00803.jpg,1
00804.jpg,1
00805.jpg,0
00806.jpg,1
00807.jpg,0
00808.jpg,0
00809.jpg,1
00810.jpg,1
00811.jpg,1
00812.jpg,1
00813.jpg,1
00814.jpg,0
00815.jpg,1
00816.jpg,0
00817.jpg,1
00818.jpg,1
00819.jpg,1
00820.jpg,0
00821.jpg,0
00822.jpg,0
00823.jpg,1
00824.jpg,0
00825.jpg,1
00826.jpg,0
00827.jpg,1
00828.jpg,1
00829.jpg,1
00830.jpg,0
00831.jpg,0
00832.jpg,1
00833.jpg,0
00834.jpg,0
00835.jpg,0
00836.jpg,0
00837.jpg,1
00838.jpg,0
00839.jpg,1
00840.jpg,0
00841.jpg,1
00842.jpg,1
00843.jpg,0
00844.jpg,0
00845.jpg,0
00846.jpg,1
00847.jpg,0
00848.jpg,0
00849.jpg,0
00850.jpg,1
00851.jpg,0
00852.jpg,1
00853.jpg,1
00854.jpg,1
00855.jpg,0
00856.jpg,1
00857.jpg,0
00858.jpg,1
00859.jpg,0
00860.jpg,1
00861.jpg,0
00862.jpg,0
00863.jpg,0
00864.jpg,1
00865.jpg,0
00866.jpg,1
00867.jpg,1
00868.jpg,1
00869.jpg,1
00870.jpg,1
00871.jpg,0
00872.jpg,0
00873.jpg,0
00874.jpg,0
00875.jpg,1
00876.jpg,0
00877.jpg,1
00878.jpg,1
00879.jpg,1
00880.jpg,0
00881.jpg,1
00882.jpg,1
00883.jpg,0
00884.jpg,1
00885.jpg,0
00886.jpg,1
00887.jpg,0
00888.jpg,1
00889.jpg,0
00890.jpg,0
00891.jpg,0
00892.jpg,1
00893.jpg,1
00894.jpg,1
00895.jpg,1
00896.jpg,0
00897.jpg,0
00898.jpg,1
00899.jpg,0
00900.jpg,0
00901.jpg,0
00902.jpg,0
00903.jpg,0
00904.jpg,1
00905.jpg,1
00906.jpg,0
00907.jpg,1
00908.jpg,0
00909.jpg,0
00910.jpg,0
00911.jpg,0
00912.jpg,0
00913.jpg,0
00914.jpg,0
00915.jpg,1
00916.jpg,0
00917.jpg,0
00918.jpg,1
00919.jpg,0
00920.jpg,1
00921.jpg,1
00922.jpg,0
00923.jpg,0
00924.jpg,1
00925.jpg,1
00926.jpg,0
00927.jpg,0
00928.jpg,0
00929.jpg,1
00930.jpg,1
00931.jpg,0
00932.jpg,1
00933.jpg,0
00934.jpg,1
00935.jpg,0
00936.jpg,0
00937.jpg,1
00938.jpg,1
00939.jpg,0
00940.jpg,1
00941.jpg,1
00942.jpg,0
00943.jpg,0
00944.jpg,1
00945.jpg,0
00946.jpg,0
00947.jpg,0
00948.jpg,0
00949.jpg,0
00950.jpg,1
00951.jpg,0
00952.jpg,1
00953.jpg,1
00954.jpg,1
00955.jpg,0
00956.jpg,0
00957.jpg,1
00958.jpg,1
00959.jpg,0
00960.jpg,0
00961.jpg,1
00962.jpg,1
00963.jpg,1
00964.jpg,1
00965.jpg,1
00966.jpg,1
00967.jpg,1
00968.jpg,0
00969.jpg,0
00970.jpg,0
00971.jpg,0
00972.jpg,0
00973.jpg,0
00974.jpg,0
00975.jpg,1
00976.jpg,1
00977.jpg,0
00978.jpg,0
00979.jpg,0
00980.jpg,1
00981.jpg,1
00982.jpg,1
00983.jpg,0
00984.jpg,0
00985.jpg,1
00986.jpg,1
00987.jpg,1
00988.jpg,1
00989.jpg,0
00990.jpg,1
00991.jpg,0
00992.jpg,1
00993.jpg,1
00994.jpg,0
00995.jpg,0
00996.jpg,0
00997.jpg,0
00998.jpg,1
00999.jpg,0
01000.jpg,0
01001.jpg,1
01002.jpg,1
01003.jpg,1
01004.jpg,1
01005.jpg,1
01006.jpg,1
01007.jpg,1
01008.jpg,1
01009.jpg,0
01010.jpg,1
01011.jpg,0
01012.jpg,0
01013.jpg,1
01014.jpg,1
01015.jpg,0
01016.jpg,0
01017.jpg,0
01018.jpg,0
01019.jpg,0
01020.jpg,0
01021.jpg,1
01022.jpg,0
01023.jpg,0
01024.jpg,1
01025.jpg,1
01026.jpg,1
01027.jpg,0
01028.jpg,0
01029.jpg,0
01030.jpg,0
01031.jpg,0
01032.jpg,0
01033.jpg,1
01034.jpg,0
01035.jpg,1
01036.jpg,1
01037.jpg,0
01038.jpg,0
01039.jpg,0
01040.jpg,1
01041.jpg,0
01042.jpg,0
01043.jpg,1
01044.jpg,0
01045.jpg,0
01046.jpg,1
01047.jpg,0
01048.jpg,1
01049.jpg,0
01050.jpg,0
01051.jpg,1
01052.jpg,0
01053.jpg,0
01054.jpg,0
01055.jpg,0
01056.jpg,1
01057.jpg,1
01058.jpg,1
01059.jpg,1
01060.jpg,1
01061.jpg,0
01062.jpg,0
01063.jpg,1
01064.jpg,0
01065.jpg,0
01066.jpg,0
01067.jpg,1
01068.jpg,1
01069.jpg,1
01070.jpg,1
01071.jpg,0
01072.jpg,1
01073.jpg,0
01074.jpg,1
01075.jpg,1
01076.jpg,0
01077.jpg,0
01078.jpg,1
01079.jpg,0
01080.jpg,0
01081.jpg,1
01082.jpg,1
01083.jpg,0
01084.jpg,1
01085.jpg,0
01086.jpg,0
01087.jpg,0
01088.jpg,1
01089.jpg,1
01090.jpg,1
01091.jpg,1
01092.jpg,1
01093.jpg,0
01094.jpg,1
01095.jpg,1
01096.jpg,1
01097.jpg,0
01098.jpg,0
01099.jpg,0
01100.jpg,1
01101.jpg,0
01102.jpg,0
01103.jpg,1
01104.jpg,0
01105.jpg,1
01106.jpg,1
01107.jpg,1
01108.jpg,0
01109.jpg,0
01110.jpg,0
01111.jpg,0
01112.jpg,0
01113.jpg,1
01114.jpg,1
01115.jpg,1
01116.jpg,0
01117.jpg,1
01118.jpg,1
01119.jpg,1
01120.jpg,0
01121.jpg,1
01122.jpg,1
01123.jpg,1
01124.jpg,1
01125.jpg,1
01126.jpg,1
01127.jpg,0
01128.jpg,1
01129.jpg,1
01130.jpg,1
01131.jpg,0
01132.jpg,0
01133.jpg,1
01134.jpg,1
01135.jpg,0
01136.jpg,0
01137.jpg,1
01138.jpg,0
01139.jpg,0
01140.jpg,1
01141.jpg,0
01142.jpg,0
01143.jpg,1
01144.jpg,0
01145.jpg,0
01146.jpg,0
01147.jpg,1
01148.jpg,0
01149.jpg,0
01150.jpg,0
01151.jpg,1
01152.jpg,0
01153.jpg,0
01154.jpg,0
01155.jpg,1
01156.jpg,0
01157.jpg,0
01158.jpg,0
01159.jpg,0
01160.jpg,0
01161.jpg,1
01162.jpg,1
01163.jpg,1
01164.jpg,1
01165.jpg,1
01166.jpg,1
01167.jpg,1
01168.jpg,0
01169.jpg,0
01170.jpg,0
01171.jpg,0
01172.jpg,0
01173.jpg,0
01174.jpg,1
01175.jpg,0
01176.jpg,0
01177.jpg,0
01178.jpg,1
01179.jpg,0
01180.jpg,0
01181.jpg,0
01182.jpg,0
01183.jpg,0
01184.jpg,1
01185.jpg,1
01186.jpg,1
01187.jpg,1
01188.jpg,1
01189.jpg,1
01190.jpg,0
01191.jpg,1
01192.jpg,0
01193.jpg,0
01194.jpg,0
01195.jpg,0
01196.jpg,0
01197.jpg,1
01198.jpg,1
01199.jpg,1
01200.jpg,0
01201.jpg,0
01202.jpg,1
01203.jpg,1
01204.jpg,0
01205.jpg,0
01206.jpg,1
01207.jpg,1
01208.jpg,0
01209.jpg,0
01210.jpg,1
01211.jpg,0
01212.jpg,0
01213.jpg,1
01214.jpg,1
01215.jpg,0
01216.jpg,0
01217.jpg,0
01218.jpg,1
01219.jpg,1
01220.jpg,1
01221.jpg,0
01222.jpg,0
01223.jpg,0
01224.jpg,1
01225.jpg,1
01226.jpg,0
01227.jpg,1
01228.jpg,0
01229.jpg,0
01230.jpg,1
01231.jpg,1
01232.jpg,0
01233.jpg,1
01234.jpg,0
01235.jpg,1
01236.jpg,1
01237.jpg,1
01238.jpg,1
01239.jpg,1
01240.jpg,1
01241.jpg,1
01242.jpg,0
01243.jpg,1
01244.jpg,1
01245.jpg,1
01246.jpg,0
01247.jpg,0
01248.jpg,1
01249.jpg,1
01250.jpg,1
01251.jpg,1
01252.jpg,0
01253.jpg,1
01254.jpg,1
01255.jpg,1
01256.jpg,1
01257.jpg,1
01258.jpg,1
01259.jpg,0
01260.jpg,1
01261.jpg,0
01262.jpg,0
01263.jpg,0
01264.jpg,0
01265.jpg,0
01266.jpg,0
01267.jpg,1
01268.jpg,1
01269.jpg,1
01270.jpg,0
01271.jpg,1
01272.jpg,1
01273.jpg,1
01274.jpg,1
01275.jpg,1
01276.jpg,1
01277.jpg,1
01278.jpg,0
01279.jpg,1
01280.jpg,0
01281.jpg,0
01282.jpg,0
01283.jpg,0
01284.jpg,0
01285.jpg,0
01286.jpg,0
01287.jpg,0
01288.jpg,0
01289.jpg,0
01290.jpg,0
01291.jpg,0
01292.jpg,1
01293.jpg,1
01294.jpg,0
01295.jpg,1
01296.jpg,0
01297.jpg,1
01298.jpg,0
01299.jpg,0
01300.jpg,1
01301.jpg,1
01302.jpg,0
01303.jpg,1
01304.jpg,0
01305.jpg,0
01306.jpg,1
01307.jpg,1
01308.jpg,1
01309.jpg,1
01310.jpg,0
01311.jpg,0
01312.jpg,1
01313.jpg,1
01314.jpg,0
01315.jpg,1
01316.jpg,1
01317.jpg,0
01318.jpg,0
01319.jpg,1
01320.jpg,0
01321.jpg,1
01322.jpg,0
01323.jpg,0
01324.jpg,0
01325.jpg,1
01326.jpg,1
01327.jpg,0
01328.jpg,0
01329.jpg,1
01330.jpg,0
01331.jpg,1
01332.jpg,1
01333.jpg,1
01334.jpg,1
01335.jpg,0
01336.jpg,0
01337.jpg,1
01338.jpg,1
01339.jpg,0
01340.jpg,1
01341.jpg,1
01342.jpg,0
01343.jpg,0
01344.jpg,1
01345.jpg,0
01346.jpg,1
01347.jpg,1
01348.jpg,0
01349.jpg,0
01350.jpg,0
01351.jpg,0
01352.jpg,0
01353.jpg,0
01354.jpg,0
01355.jpg,1
01356.jpg,0
01357.jpg,0
01358.jpg,1
01359.jpg,1
01360.jpg,0
01361.jpg,0
01362.jpg,1
01363.jpg,1
01364.jpg,0
01365.jpg,1
01366.jpg,1
01367.jpg,1
01368.jpg,0
01369.jpg,0
01370.jpg,1
01371.jpg,0
01372.jpg,0
01373.jpg,1
01374.jpg,1
01375.jpg,1
01376.jpg,1
01377.jpg,1
01378.jpg,1
01379.jpg,1
01380.jpg,0
01381.jpg,1
01382.jpg,1
01383.jpg,1
01384.jpg,0
01385.jpg,1
01386.jpg,1
01387.jpg,1
01388.jpg,0
01389.jpg,1
01390.jpg,0
01391.jpg,0
01392.jpg,1
01393.jpg,0
01394.jpg,1
01395.jpg,1
01396.jpg,0
01397.jpg,0
01398.jpg,0
01399.jpg,0
01400.jpg,1
01401.jpg,0
01402.jpg,0
01403.jpg,0
01404.jpg,1
01405.jpg,0
01406.jpg,0
01407.jpg,1
01408.jpg,0
01409.jpg,1
01410.jpg,1
01411.jpg,1
01412.jpg,0
01413.jpg,0
01414.jpg,0
01415.jpg,0
01416.jpg,0
01417.jpg,0
01418.jpg,0
01419.jpg,0
01420.jpg,1
01421.jpg,1
01422.jpg,0
01423.jpg,0
01424.jpg,0
01425.jpg,1
01426.jpg,1
01427.jpg,1
01428.jpg,0
01429.jpg,1
01430.jpg,0
01431.jpg,1
01432.jpg,0
01433.jpg,1
01434.jpg,0
01435.jpg,0
01436.jpg,1
01437.jpg,0
01438.jpg,1
01439.jpg,0
01440.jpg,0
01441.jpg,1
01442.jpg,0
01443.jpg,1
01444.jpg,0
01445.jpg,1
01446.jpg,1
01447.jpg,0
01448.jpg,0
01449.jpg,1
01450.jpg,0
01451.jpg,1
01452.jpg,1
01453.jpg,0
01454.jpg,0
01455.jpg,0
01456.jpg,1
01457.jpg,1
01458.jpg,0
01459.jpg,1
01460.jpg,0
01461.jpg,0
01462.jpg,1
01463.jpg,0
01464.jpg,1
01465.jpg,0
01466.jpg,1
01467.jpg,0
01468.jpg,0
01469.jpg,0
01470.jpg,1
01471.jpg,0
01472.jpg,1
01473.jpg,1
01474.jpg,0
01475.jpg,0
01476.jpg,0
01477.jpg,0
01478.jpg,0
01479.jpg,0
01480.jpg,1
01481.jpg,0
01482.jpg,0
01483.jpg,1
01484.jpg,1
01485.jpg,1
01486.jpg,0
01487.jpg,0
01488.jpg,1
01489.jpg,0
01490.jpg,1
01491.jpg,1
01492.jpg,1
01493.jpg,1
01494.jpg,0
01495.jpg,0
01496.jpg,1
01497.jpg,1
01498.jpg,1
01499.jpg,0
01500.jpg,0
01501.jpg,0
01502.jpg,0
01503.jpg,0
01504.jpg,0
01505.jpg,1
01506.jpg,1
01507.jpg,0
01508.jpg,1
01509.jpg,0
01510.jpg,0
01511.jpg,1
01512.jpg,1
01513.jpg,0
01514.jpg,0
01515.jpg,0
01516.jpg,0
01517.jpg,1
01518.jpg,1
01519.jpg,0
01520.jpg,0
01521.jpg,0
01522.jpg,1
01523.jpg,0
01524.jpg,1
01525.jpg,1
01526.jpg,0
01527.jpg,0
01528.jpg,0
01529.jpg,0
01530.jpg,1
01531.jpg,1
01532.jpg,1
01533.jpg,0
01534.jpg,0
01535.jpg,0
01536.jpg,1
01537.jpg,0
01538.jpg,1
01539.jpg,0
01540.jpg,0
01541.jpg,0
01542.jpg,0
01543.jpg,1
01544.jpg,1
01545.jpg,0
01546.jpg,0
01547.jpg,0
01548.jpg,1
01549.jpg,0
01550.jpg,0
01551.jpg,1
01552.jpg,0
01553.jpg,0
01554.jpg,0
01555.jpg,1
01556.jpg,1
01557.jpg,1
01558.jpg,0
01559.jpg,0
01560.jpg,0
01561.jpg,0
01562.jpg,0
01563.jpg,0
01564.jpg,0
01565.jpg,1
01566.jpg,0
01567.jpg,0
01568.jpg,1
01569.jpg,1
01570.jpg,1
01571.jpg,0
01572.jpg,1
01573.jpg,1
01574.jpg,0
01575.jpg,0
01576.jpg,1
01577.jpg,1
01578.jpg,1
01579.jpg,1
01580.jpg,1
01581.jpg,0
01582.jpg,1
01583.jpg,1
01584.jpg,1
01585.jpg,1
01586.jpg,1
01587.jpg,1
01588.jpg,1
01589.jpg,0
01590.jpg,0
01591.jpg,1
01592.jpg,0
01593.jpg,1
01594.jpg,1
01595.jpg,0
01596.jpg,1
01597.jpg,1
01598.jpg,0
01599.jpg,0
01600.jpg,1
01601.jpg,0
01602.jpg,1
01603.jpg,1
01604.jpg,0
01605.jpg,0
01606.jpg,1
01607.jpg,0
01608.jpg,1
01609.jpg,0
01610.jpg,0
01611.jpg,1
01612.jpg,0
01613.jpg,1
01614.jpg,1
01615.jpg,0
01616.jpg,0
01617.jpg,1
01618.jpg,1
01619.jpg,1
01620.jpg,1
01621.jpg,1
01622.jpg,0
01623.jpg,1
01624.jpg,1
01625.jpg,1
01626.jpg,0
01627.jpg,0
01628.jpg,0
01629.jpg,1
01630.jpg,1
01631.jpg,0
01632.jpg,1
01633.jpg,1
01634.jpg,1
01635.jpg,1
01636.jpg,0
01637.jpg,1
01638.jpg,1
01639.jpg,0
01640.jpg,1
01641.jpg,0
01642.jpg,0
01643.jpg,1
01644.jpg,1
01645.jpg,1
01646.jpg,1
01647.jpg,1
01648.jpg,0
01649.jpg,0
01650.jpg,1
01651.jpg,1
01652.jpg,1
01653.jpg,1
01654.jpg,0
01655.jpg,0
01656.jpg,0
01657.jpg,1
01658.jpg,1
01659.jpg,0
01660.jpg,0
01661.jpg,0
01662.jpg,0
01663.jpg,1
01664.jpg,1
01665.jpg,1
01666.jpg,1
01667.jpg,1
01668.jpg,1
01669.jpg,0
01670.jpg,1
01671.jpg,1
01672.jpg,0
01673.jpg,1
01674.jpg,0
01675.jpg,0
01676.jpg,1
01677.jpg,0
01678.jpg,0
01679.jpg,0
01680.jpg,1
01681.jpg,0
01682.jpg,0
01683.jpg,1
01684.jpg,1
01685.jpg,1
01686.jpg,0
01687.jpg,1
01688.jpg,0
01689.jpg,1
01690.jpg,1
01691.jpg,1
01692.jpg,1
01693.jpg,1
01694.jpg,0
01695.jpg,0
01696.jpg,0
01697.jpg,0
01698.jpg,0
01699.jpg,1
01700.jpg,1
01701.jpg,1
01702.jpg,1
01703.jpg,1
01704.jpg,1
01705.jpg,1
01706.jpg,1
01707.jpg,1
01708.jpg,1
01709.jpg,0
01710.jpg,0
01711.jpg,0
01712.jpg,0
01713.jpg,0
01714.jpg,0
01715.jpg,1
01716.jpg,1
01717.jpg,0
01718.jpg,0
01719.jpg,0
01720.jpg,1
01721.jpg,0
01722.jpg,0
01723.jpg,1
01724.jpg,0
01725.jpg,1
01726.jpg,1
01727.jpg,1
01728.jpg,0
01729.jpg,1
01730.jpg,0
01731.jpg,0
01732.jpg,0
01733.jpg,1
01734.jpg,1
01735.jpg,0
01736.jpg,1
01737.jpg,1
01738.jpg,1
01739.jpg,1
01740.jpg,0
01741.jpg,1
01742.jpg,1
01743.jpg,1
01744.jpg,0
01745.jpg,1
01746.jpg,1
01747.jpg,0
01748.jpg,0
01749.jpg,1
01750.jpg,0
01751.jpg,0
01752.jpg,0
01753.jpg,1
01754.jpg,0
01755.jpg,0
01756.jpg,1
01757.jpg,1
01758.jpg,1
01759.jpg,1
01760.jpg,0
01761.jpg,0
01762.jpg,0
01763.jpg,1
01764.jpg,0
01765.jpg,1
01766.jpg,1
01767.jpg,0
01768.jpg,0
01769.jpg,1
01770.jpg,0
01771.jpg,1
01772.jpg,1
01773.jpg,0
01774.jpg,1
01775.jpg,1
01776.jpg,0
01777.jpg,0
01778.jpg,0
01779.jpg,0
01780.jpg,0
01781.jpg,0
01782.jpg,0
01783.jpg,1
01784.jpg,1
01785.jpg,1
01786.jpg,1
01787.jpg,0
01788.jpg,1
01789.jpg,1
01790.jpg,1
01791.jpg,0
01792.jpg,0
01793.jpg,0
01794.jpg,1
01795.jpg,0
01796.jpg,1
01797.jpg,0
01798.jpg,0
01799.jpg,0
01800.jpg,1
01801.jpg,0
01802.jpg,0
01803.jpg,1
01804.jpg,1
01805.jpg,1
01806.jpg,1
01807.jpg,0
01808.jpg,0
01809.jpg,1
01810.jpg,0
01811.jpg,1
01812.jpg,1
01813.jpg,0
01814.jpg,0
01815.jpg,1
01816.jpg,1
01817.jpg,0
01818.jpg,1
01819.jpg,0
01820.jpg,0
01821.jpg,0
01822.jpg,1
01823.jpg,1
01824.jpg,0
01825.jpg,0
01826.jpg,1
01827.jpg,1
01828.jpg,1
01829.jpg,1
01830.jpg,0
01831.jpg,0
01832.jpg,0
01833.jpg,1
01834.jpg,0
01835.jpg,0
01836.jpg,0
01837.jpg,1
01838.jpg,0
01839.jpg,1
01840.jpg,0
01841.jpg,0
01842.jpg,0
01843.jpg,1
01844.jpg,0
01845.jpg,0
01846.jpg,0
01847.jpg,1
01848.jpg,0
01849.jpg,1
01850.jpg,1
01851.jpg,1
01852.jpg,1
01853.jpg,1
01854.jpg,1
01855.jpg,0
01856.jpg,1
01857.jpg,1
01858.jpg,1
01859.jpg,0
01860.jpg,1
01861.jpg,1
01862.jpg,0
01863.jpg,0
01864.jpg,1
01865.jpg,1
01866.jpg,1
01867.jpg,1
01868.jpg,1
01869.jpg,0
01870.jpg,1
01871.jpg,1
01872.jpg,1
01873.jpg,1
01874.jpg,0
01875.jpg,1
01876.jpg,1
01877.jpg,1
01878.jpg,1
01879.jpg,1
01880.jpg,0
01881.jpg,1
01882.jpg,0
01883.jpg,0
01884.jpg,0
01885.jpg,0
01886.jpg,1
01887.jpg,0
01888.jpg,0
01889.jpg,1
01890.jpg,1
01891.jpg,1
01892.jpg,1
01893.jpg,0
01894.jpg,1
01895.jpg,1
01896.jpg,0
01897.jpg,0
01898.jpg,1
01899.jpg,0
01900.jpg,1
01901.jpg,0
01902.jpg,0
01903.jpg,1
01904.jpg,1
01905.jpg,0
01906.jpg,0
01907.jpg,0
01908.jpg,0
01909.jpg,0
01910.jpg,1
01911.jpg,1
01912.jpg,0
01913.jpg,0
01914.jpg,1
01915.jpg,1
01916.jpg,0
01917.jpg,0
01918.jpg,1
01919.jpg,1
01920.jpg,1
01921.jpg,0
01922.jpg,0
01923.jpg,0
01924.jpg,0
01925.jpg,1
01926.jpg,0
01927.jpg,0
01928.jpg,0
01929.jpg,0
01930.jpg,0
01931.jpg,1
01932.jpg,0
01933.jpg,0
01934.jpg,0
01935.jpg,0
01936.jpg,0
01937.jpg,0
01938.jpg,1
01939.jpg,1
01940.jpg,1
01941.jpg,0
01942.jpg,0
01943.jpg,1
01944.jpg,0
01945.jpg,0
01946.jpg,0
01947.jpg,1
01948.jpg,0
01949.jpg,0
01950.jpg,1
01951.jpg,0
01952.jpg,1
01953.jpg,0
01954.jpg,1
01955.jpg,0
01956.jpg,1
01957.jpg,1
01958.jpg,1
01959.jpg,1
01960.jpg,1
01961.jpg,1
01962.jpg,1
01963.jpg,1
01964.jpg,1
01965.jpg,0
01966.jpg,0
01967.jpg,1
01968.jpg,1
01969.jpg,1
01970.jpg,1
01971.jpg,1
01972.jpg,0
01973.jpg,1
01974.jpg,1
01975.jpg,0
01976.jpg,1
01977.jpg,0
01978.jpg,0
01979.jpg,0
01980.jpg,0
01981.jpg,1
01982.jpg,1
01983.jpg,1
01984.jpg,1
01985.jpg,0
01986.jpg,0
01987.jpg,1
01988.jpg,0
01989.jpg,0
01990.jpg,1
01991.jpg,1
01992.jpg,0
01993.jpg,1
01994.jpg,0
01995.jpg,1
01996.jpg,0
01997.jpg,1
01998.jpg,0
01999.jpg,1
02000.jpg,0
02001.jpg,0
02002.jpg,0
02003.jpg,0
02004.jpg,0
02005.jpg,1
02006.jpg,1
02007.jpg,1
02008.jpg,1
02009.jpg,0
02010.jpg,1
02011.jpg,0
02012.jpg,0
02013.jpg,1
02014.jpg,0
02015.jpg,0
02016.jpg,1
02017.jpg,1
02018.jpg,1
02019.jpg,0
02020.jpg,1
02021.jpg,0
02022.jpg,1
02023.jpg,0
02024.jpg,1
02025.jpg,0
02026.jpg,0
02027.jpg,1
02028.jpg,0
02029.jpg,0
02030.jpg,1
02031.jpg,0
02032.jpg,1
02033.jpg,0
02034.jpg,1
02035.jpg,0
02036.jpg,1
02037.jpg,0
02038.jpg,0
02039.jpg,1
02040.jpg,0
02041.jpg,1
02042.jpg,1
02043.jpg,0
02044.jpg,0
02045.jpg,1
02046.jpg,0
02047.jpg,1
02048.jpg,1
02049.jpg,1
02050.jpg,1
02051.jpg,1
02052.jpg,0
02053.jpg,0
02054.jpg,1
02055.jpg,0
02056.jpg,0
02057.jpg,0
02058.jpg,1
02059.jpg,0
02060.jpg,0
02061.jpg,1
02062.jpg,0
02063.jpg,1
02064.jpg,0
02065.jpg,1
02066.jpg,1
02067.jpg,0
02068.jpg,1
02069.jpg,0
02070.jpg,0
02071.jpg,1
02072.jpg,1
02073.jpg,0
02074.jpg,1
02075.jpg,0
02076.jpg,1
02077.jpg,0
02078.jpg,1
02079.jpg,1
02080.jpg,0
02081.jpg,0
02082.jpg,1
02083.jpg,0
02084.jpg,1
02085.jpg,0
02086.jpg,0
02087.jpg,0
02088.jpg,0
02089.jpg,0
02090.jpg,1
02091.jpg,1
02092.jpg,0
02093.jpg,1
02094.jpg,1
02095.jpg,1
02096.jpg,0
02097.jpg,0
02098.jpg,0
02099.jpg,0
02100.jpg,0
02101.jpg,1
02102.jpg,1
02103.jpg,1
02104.jpg,1
02105.jpg,0
02106.jpg,1
02107.jpg,0
02108.jpg,0
02109.jpg,0
02110.jpg,0
02111.jpg,0
02112.jpg,1
02113.jpg,0
02114.jpg,0
02115.jpg,1
02116.jpg,0
02117.jpg,0
02118.jpg,1
02119.jpg,1
02120.jpg,1
02121.jpg,0
02122.jpg,1
02123.jpg,1
02124.jpg,0
02125.jpg,1
02126.jpg,0
02127.jpg,1
02128.jpg,1
02129.jpg,0
02130.jpg,0
02131.jpg,0
02132.jpg,0
02133.jpg,1
02134.jpg,0
02135.jpg,0
02136.jpg,1
02137.jpg,0
02138.jpg,0
02139.jpg,0
02140.jpg,0
02141.jpg,0
02142.jpg,1
02143.jpg,1
02144.jpg,0
02145.jpg,0
02146.jpg,0
02147.jpg,1
02148.jpg,0
02149.jpg,1
02150.jpg,0
02151.jpg,1
02152.jpg,0
02153.jpg,1
02154.jpg,0
02155.jpg,1
02156.jpg,1
02157.jpg,0
02158.jpg,1
02159.jpg,0
02160.jpg,0
02161.jpg,0
02162.jpg,1
02163.jpg,0
02164.jpg,0
02165.jpg,0
02166.jpg,1
02167.jpg,0
02168.jpg,0
02169.jpg,0
02170.jpg,0
02171.jpg,0
02172.jpg,0
02173.jpg,0
02174.jpg,1
02175.jpg,0
02176.jpg,0
02177.jpg,1
02178.jpg,1
02179.jpg,0
02180.jpg,0
02181.jpg,0
02182.jpg,1
02183.jpg,0
02184.jpg,0
02185.jpg,0
02186.jpg,1
02187.jpg,0
02188.jpg,0
02189.jpg,1
02190.jpg,0
02191.jpg,1
02192.jpg,0
02193.jpg,0
02194.jpg,0
02195.jpg,0
02196.jpg,1
02197.jpg,0
02198.jpg,0
02199.jpg,1
02200.jpg,1
02201.jpg,0
02202.jpg,1
02203.jpg,0
02204.jpg,0
02205.jpg,1
02206.jpg,1
02207.jpg,1
02208.jpg,0
02209.jpg,1
02210.jpg,0
02211.jpg,0
02212.jpg,0
02213.jpg,1
02214.jpg,0
02215.jpg,1
02216.jpg,0
02217.jpg,0
02218.jpg,0
02219.jpg,0
02220.jpg,0
02221.jpg,1
02222.jpg,1
02223.jpg,0
02224.jpg,0
02225.jpg,0
02226.jpg,1
02227.jpg,1
02228.jpg,0
02229.jpg,1
02230.jpg,0
02231.jpg,0
02232.jpg,0
02233.jpg,0
02234.jpg,1
02235.jpg,0
02236.jpg,1
02237.jpg,0
02238.jpg,1
02239.jpg,0
02240.jpg,0
02241.jpg,1
02242.jpg,0
02243.jpg,0
02244.jpg,0
02245.jpg,0
02246.jpg,1
02247.jpg,1
02248.jpg,1
02249.jpg,0
02250.jpg,1
02251.jpg,1
02252.jpg,1
02253.jpg,0
02254.jpg,0
02255.jpg,0
02256.jpg,1
02257.jpg,1
02258.jpg,0
02259.jpg,0
02260.jpg,1
02261.jpg,0
02262.jpg,1
02263.jpg,0
02264.jpg,0
02265.jpg,0
02266.jpg,0
02267.jpg,0
02268.jpg,0
02269.jpg,0
02270.jpg,0
02271.jpg,0
02272.jpg,1
02273.jpg,1
02274.jpg,0
02275.jpg,1
02276.jpg,1
02277.jpg,1
02278.jpg,0
02279.jpg,0
02280.jpg,0
02281.jpg,1
02282.jpg,0
02283.jpg,0
02284.jpg,1
02285.jpg,1
02286.jpg,1
02287.jpg,1
02288.jpg,1
02289.jpg,1
02290.jpg,1
02291.jpg,1
02292.jpg,1
02293.jpg,1
02294.jpg,0
02295.jpg,0
02296.jpg,1
02297.jpg,0
02298.jpg,0
02299.jpg,1
02300.jpg,1
02301.jpg,1
02302.jpg,0
02303.jpg,1
02304.jpg,1
02305.jpg,0
02306.jpg,1
02307.jpg,0
02308.jpg,1
02309.jpg,0
02310.jpg,0
02311.jpg,1
02312.jpg,0
02313.jpg,0
02314.jpg,0
02315.jpg,0
02316.jpg,1
02317.jpg,1
02318.jpg,1
02319.jpg,0
02320.jpg,1
02321.jpg,0
02322.jpg,1
02323.jpg,1
02324.jpg,0
02325.jpg,1
02326.jpg,1
02327.jpg,0
02328.jpg,1
02329.jpg,1
02330.jpg,0
02331.jpg,0
02332.jpg,0
02333.jpg,1
02334.jpg,1
02335.jpg,1
02336.jpg,0
02337.jpg,0
02338.jpg,0
02339.jpg,0
02340.jpg,0
02341.jpg,0
02342.jpg,0
02343.jpg,0
02344.jpg,1
02345.jpg,1
02346.jpg,1
02347.jpg,1
02348.jpg,1
02349.jpg,0
02350.jpg,1
02351.jpg,0
02352.jpg,1
02353.jpg,1
02354.jpg,0
02355.jpg,0
02356.jpg,1
02357.jpg,0
02358.jpg,1
02359.jpg,1
02360.jpg,1
02361.jpg,0
02362.jpg,1
02363.jpg,1
02364.jpg,0
02365.jpg,1
02366.jpg,1
02367.jpg,1
02368.jpg,0
02369.jpg,0
02370.jpg,0
02371.jpg,1
02372.jpg,0
02373.jpg,0
02374.jpg,1
02375.jpg,0
02376.jpg,1
02377.jpg,0
02378.jpg,1
02379.jpg,1
02380.jpg,0
02381.jpg,0
02382.jpg,0
02383.jpg,0
02384.jpg,1
02385.jpg,1
02386.jpg,1
02387.jpg,1
02388.jpg,0
02389.jpg,0
02390.jpg,1
02391.jpg,1
02392.jpg,1
02393.jpg,1
02394.jpg,0
02395.jpg,1
02396.jpg,0
02397.jpg,0
02398.jpg,1
02399.jpg,0
02400.jpg,1
02401.jpg,1
02402.jpg,0
02403.jpg,0
02404.jpg,1
02405.jpg,1
02406.jpg,0
02407.jpg,0
02408.jpg,1
02409.jpg,1
02410.jpg,0
02411.jpg,1
02412.jpg,0
02413.jpg,1
02414.jpg,1
02415.jpg,1
02416.jpg,1
02417.jpg,1
02418.jpg,1
02419.jpg,1
02420.jpg,1
02421.jpg,0
02422.jpg,1
02423.jpg,1
02424.jpg,0
02425.jpg,1
02426.jpg,1
02427.jpg,0
02428.jpg,0
02429.jpg,1
02430.jpg,1
02431.jpg,0
02432.jpg,0
02433.jpg,1
02434.jpg,1
02435.jpg,0
02436.jpg,0
02437.jpg,0
02438.jpg,1
02439.jpg,0
02440.jpg,0
02441.jpg,1
02442.jpg,0
02443.jpg,0
02444.jpg,0
02445.jpg,0
02446.jpg,1
02447.jpg,0
02448.jpg,1
02449.jpg,0
02450.jpg,1
02451.jpg,0
02452.jpg,1
02453.jpg,0
02454.jpg,0
02455.jpg,1
02456.jpg,0
02457.jpg,1
02458.jpg,0
02459.jpg,0
02460.jpg,1
02461.jpg,0
02462.jpg,0
02463.jpg,0
02464.jpg,1
02465.jpg,0
02466.jpg,1
02467.jpg,1
02468.jpg,0
02469.jpg,0
02470.jpg,0
02471.jpg,1
02472.jpg,0
02473.jpg,0
02474.jpg,1
02475.jpg,0
02476.jpg,1
02477.jpg,0
02478.jpg,0
02479.jpg,1
02480.jpg,1
02481.jpg,1
02482.jpg,1
02483.jpg,0
02484.jpg,1
02485.jpg,1
02486.jpg,1
02487.jpg,1
02488.jpg,0
02489.jpg,1
02490.jpg,0
02491.jpg,1
02492.jpg,1
02493.jpg,0
02494.jpg,0
02495.jpg,0
02496.jpg,0
02497.jpg,1
02498.jpg,1
02499.jpg,1
02500.jpg,1
02501.jpg,0
02502.jpg,1
02503.jpg,0
02504.jpg,1
02505.jpg,0
02506.jpg,1
02507.jpg,0
02508.jpg,1
02509.jpg,0
02510.jpg,1
02511.jpg,1
02512.jpg,0
02513.jpg,1
02514.jpg,0
02515.jpg,0
02516.jpg,1
02517.jpg,0
02518.jpg,1
02519.jpg,1
02520.jpg,0
02521.jpg,0
02522.jpg,1
02523.jpg,0
02524.jpg,1
02525.jpg,0
02526.jpg,0
02527.jpg,0
02528.jpg,0
02529.jpg,0
02530.jpg,1
02531.jpg,0
02532.jpg,1
02533.jpg,1
02534.jpg,1
02535.jpg,1
02536.jpg,0
02537.jpg,1
02538.jpg,0
02539.jpg,0
02540.jpg,0
02541.jpg,0
02542.jpg,1
02543.jpg,0
02544.jpg,0
02545.jpg,0
02546.jpg,1
02547.jpg,0
02548.jpg,0
02549.jpg,0
02550.jpg,1
02551.jpg,0
02552.jpg,0
02553.jpg,1
02554.jpg,1
02555.jpg,1
02556.jpg,1
02557.jpg,1
02558.jpg,1
02559.jpg,0
02560.jpg,1
02561.jpg,0
02562.jpg,1
02563.jpg,0
02564.jpg,0
02565.jpg,0
02566.jpg,0
02567.jpg,1
02568.jpg,1
02569.jpg,1
02570.jpg,1
02571.jpg,0
02572.jpg,1
02573.jpg,0
02574.jpg,1
02575.jpg,0
02576.jpg,0
02577.jpg,1
02578.jpg,0
02579.jpg,1
02580.jpg,1
02581.jpg,0
02582.jpg,0
02583.jpg,0
02584.jpg,0
02585.jpg,1
02586.jpg,1
02587.jpg,0
02588.jpg,1
02589.jpg,0
02590.jpg,0
02591.jpg,0
02592.jpg,0
02593.jpg,1
02594.jpg,0
02595.jpg,1
02596.jpg,0
02597.jpg,0
02598.jpg,0
02599.jpg,1
02600.jpg,0
02601.jpg,1
02602.jpg,0
02603.jpg,1
02604.jpg,0
02605.jpg,0
02606.jpg,0
02607.jpg,1
02608.jpg,1
02609.jpg,1
02610.jpg,0
02611.jpg,0
02612.jpg,0
02613.jpg,0
02614.jpg,0
02615.jpg,1
02616.jpg,0
02617.jpg,0
02618.jpg,1
02619.jpg,1
02620.jpg,0
02621.jpg,0
02622.jpg,1
02623.jpg,0
02624.jpg,1
02625.jpg,1
02626.jpg,0
02627.jpg,1
02628.jpg,1
02629.jpg,0
02630.jpg,0
02631.jpg,0
02632.jpg,0
02633.jpg,1
02634.jpg,1
02635.jpg,1
02636.jpg,1
02637.jpg,1
02638.jpg,0
02639.jpg,0
02640.jpg,0
02641.jpg,0
02642.jpg,1
02643.jpg,0
02644.jpg,1
02645.jpg,1
02646.jpg,1
02647.jpg,0
02648.jpg,1
02649.jpg,0
02650.jpg,1
02651.jpg,0
02652.jpg,0
02653.jpg,1
02654.jpg,0
02655.jpg,0
02656.jpg,0
02657.jpg,1
02658.jpg,0
02659.jpg,1
02660.jpg,1
02661.jpg,1
02662.jpg,0
02663.jpg,0
02664.jpg,0
02665.jpg,1
02666.jpg,0
02667.jpg,1
02668.jpg,1
02669.jpg,0
02670.jpg,0
02671.jpg,1
02672.jpg,1
02673.jpg,0
02674.jpg,0
02675.jpg,1
02676.jpg,1
02677.jpg,0
02678.jpg,0
02679.jpg,0
02680.jpg,0
02681.jpg,0
02682.jpg,0
02683.jpg,0
02684.jpg,1
02685.jpg,1
02686.jpg,1
02687.jpg,0
02688.jpg,0
02689.jpg,1
02690.jpg,0
02691.jpg,0
02692.jpg,0
02693.jpg,1
02694.jpg,0
02695.jpg,0
02696.jpg,1
02697.jpg,0
02698.jpg,0
02699.jpg,0
02700.jpg,0
02701.jpg,0
02702.jpg,0
02703.jpg,0
02704.jpg,0
02705.jpg,1
02706.jpg,0
02707.jpg,1
02708.jpg,0
02709.jpg,0
02710.jpg,0
02711.jpg,0
02712.jpg,0
02713.jpg,1
02714.jpg,1
02715.jpg,0
02716.jpg,1
02717.jpg,0
02718.jpg,0
02719.jpg,0
02720.jpg,1
02721.jpg,1
02722.jpg,0
02723.jpg,0
02724.jpg,0
02725.jpg,0
02726.jpg,1
02727.jpg,0
02728.jpg,0
02729.jpg,0
02730.jpg,1
02731.jpg,1
02732.jpg,1
02733.jpg,1
02734.jpg,1
02735.jpg,1
02736.jpg,1
02737.jpg,0
02738.jpg,1
02739.jpg,0
02740.jpg,0
02741.jpg,0
02742.jpg,0
02743.jpg,1
02744.jpg,0
02745.jpg,0
02746.jpg,0
02747.jpg,0
02748.jpg,1
02749.jpg,0
02750.jpg,1
02751.jpg,0
02752.jpg,0
02753.jpg,0
02754.jpg,0
02755.jpg,1
02756.jpg,0
02757.jpg,0
02758.jpg,1
02759.jpg,0
02760.jpg,0
02761.jpg,0
02762.jpg,1
02763.jpg,1
02764.jpg,1
02765.jpg,1
02766.jpg,0
02767.jpg,1
02768.jpg,1
02769.jpg,0
02770.jpg,1
02771.jpg,1
02772.jpg,1
02773.jpg,1
02774.jpg,0
02775.jpg,0
02776.jpg,0
02777.jpg,1
02778.jpg,0
02779.jpg,1
02780.jpg,1
02781.jpg,1
02782.jpg,0
02783.jpg,1
02784.jpg,1
02785.jpg,0
02786.jpg,0
02787.jpg,1
02788.jpg,1
02789.jpg,1
02790.jpg,1
02791.jpg,1
02792.jpg,1
02793.jpg,0
02794.jpg,0
02795.jpg,0
02796.jpg,0
02797.jpg,1
02798.jpg,0
02799.jpg,0
02800.jpg,0
02801.jpg,1
02802.jpg,0
02803.jpg,0
02804.jpg,1
02805.jpg,0
02806.jpg,0
02807.jpg,0
02808.jpg,1
02809.jpg,1
02810.jpg,1
02811.jpg,1
02812.jpg,0
02813.jpg,1
02814.jpg,1
02815.jpg,1
02816.jpg,0
02817.jpg,1
02818.jpg,1
02819.jpg,0
02820.jpg,0
02821.jpg,0
02822.jpg,1
02823.jpg,0
02824.jpg,0
02825.jpg,1
02826.jpg,1
02827.jpg,0
02828.jpg,0
02829.jpg,0
02830.jpg,0
02831.jpg,0
02832.jpg,0
02833.jpg,0
02834.jpg,0
02835.jpg,0
02836.jpg,1
02837.jpg,1
02838.jpg,0
02839.jpg,0
02840.jpg,1
02841.jpg,0
02842.jpg,0
02843.jpg,0
02844.jpg,1
02845.jpg,0
02846.jpg,0
02847.jpg,0
02848.jpg,1
02849.jpg,0
02850.jpg,0
02851.jpg,1
02852.jpg,0
02853.jpg,0
02854.jpg,1
02855.jpg,0
02856.jpg,1
02857.jpg,1
02858.jpg,1
02859.jpg,1
02860.jpg,0
02861.jpg,0
02862.jpg,0
02863.jpg,0
02864.jpg,0
02865.jpg,1
02866.jpg,1
02867.jpg,1
02868.jpg,0
02869.jpg,1
02870.jpg,0
02871.jpg,1
02872.jpg,1
02873.jpg,0
02874.jpg,0
02875.jpg,1
02876.jpg,0
02877.jpg,1
02878.jpg,0
02879.jpg,0
02880.jpg,1
02881.jpg,1
02882.jpg,0
02883.jpg,0
02884.jpg,1
02885.jpg,1
02886.jpg,0
02887.jpg,0
02888.jpg,1
02889.jpg,0
02890.jpg,0
02891.jpg,0
02892.jpg,1
02893.jpg,0
02894.jpg,0
02895.jpg,0
02896.jpg,0
02897.jpg,1
02898.jpg,1
02899.jpg,0
02900.jpg,1
02901.jpg,0
02902.jpg,0
02903.jpg,1
02904.jpg,0
02905.jpg,0
02906.jpg,1
02907.jpg,0
02908.jpg,1
02909.jpg,0
02910.jpg,1
02911.jpg,0
02912.jpg,0
02913.jpg,0
02914.jpg,0
02915.jpg,0
02916.jpg,0
02917.jpg,1
02918.jpg,1
02919.jpg,1
02920.jpg,0
02921.jpg,1
02922.jpg,0
02923.jpg,0
02924.jpg,1
02925.jpg,0
02926.jpg,1
02927.jpg,1
02928.jpg,1
02929.jpg,0
02930.jpg,0
02931.jpg,1
02932.jpg,0
02933.jpg,1
02934.jpg,0
02935.jpg,1
02936.jpg,1
02937.jpg,1
02938.jpg,1
02939.jpg,0
02940.jpg,0
02941.jpg,1
02942.jpg,1
02943.jpg,1
02944.jpg,0
02945.jpg,1
02946.jpg,1
02947.jpg,0
02948.jpg,1
02949.jpg,1
02950.jpg,1
02951.jpg,0
02952.jpg,1
02953.jpg,0
02954.jpg,1
02955.jpg,1
02956.jpg,0
02957.jpg,1
02958.jpg,0
02959.jpg,1
02960.jpg,0
02961.jpg,0
02962.jpg,0
02963.jpg,1
02964.jpg,0
02965.jpg,1
02966.jpg,0
02967.jpg,0
02968.jpg,0
02969.jpg,0
02970.jpg,0
02971.jpg,1
02972.jpg,1
02973.jpg,1
02974.jpg,1
02975.jpg,0
02976.jpg,1
02977.jpg,0
02978.jpg,1
02979.jpg,1
02980.jpg,0
02981.jpg,0
02982.jpg,1
02983.jpg,1
02984.jpg,1
02985.jpg,0
02986.jpg,1
02987.jpg,0
02988.jpg,0
02989.jpg,1
02990.jpg,1
02991.jpg,1
02992.jpg,0
02993.jpg,0
02994.jpg,0
02995.jpg,0
02996.jpg,1
02997.jpg,0
02998.jpg,1
02999.jpg,0
03000.jpg,1
03001.jpg,0
03002.jpg,1
03003.jpg,1
03004.jpg,0
03005.jpg,1
03006.jpg,1
03007.jpg,1
03008.jpg,0
03009.jpg,0
03010.jpg,0
03011.jpg,0
03012.jpg,1
03013.jpg,1
03014.jpg,1
03015.jpg,1
03016.jpg,0
03017.jpg,1
03018.jpg,0
03019.jpg,1
03020.jpg,0
03021.jpg,0
03022.jpg,0
03023.jpg,1
03024.jpg,0
03025.jpg,0
03026.jpg,0
03027.jpg,1
03028.jpg,1
03029.jpg,1
03030.jpg,0
03031.jpg,0
03032.jpg,0
03033.jpg,0
03034.jpg,1
03035.jpg,1
03036.jpg,1
03037.jpg,0
03038.jpg,0
03039.jpg,0
03040.jpg,1
03041.jpg,0
03042.jpg,0
03043.jpg,0
03044.jpg,0
03045.jpg,0
03046.jpg,1
03047.jpg,0
03048.jpg,1
03049.jpg,1
03050.jpg,0
03051.jpg,0
03052.jpg,0
03053.jpg,1
03054.jpg,0
03055.jpg,1
03056.jpg,0
03057.jpg,0
03058.jpg,1
03059.jpg,1
03060.jpg,0
03061.jpg,0
03062.jpg,0
03063.jpg,0
03064.jpg,1
03065.jpg,0
03066.jpg,0
03067.jpg,1
03068.jpg,1
03069.jpg,1
03070.jpg,1
03071.jpg,0
03072.jpg,1
03073.jpg,1
03074.jpg,0
03075.jpg,1
03076.jpg,0
03077.jpg,1
03078.jpg,1
03079.jpg,1
03080.jpg,0
03081.jpg,0
03082.jpg,0
03083.jpg,0
03084.jpg,0
03085.jpg,0
03086.jpg,1
03087.jpg,0
03088.jpg,1
03089.jpg,1
03090.jpg,0
03091.jpg,0
03092.jpg,1
03093.jpg,1
03094.jpg,0
03095.jpg,1
03096.jpg,1
03097.jpg,0
03098.jpg,1
03099.jpg,0
03100.jpg,1
03101.jpg,1
03102.jpg,0
03103.jpg,0
03104.jpg,0
03105.jpg,1
03106.jpg,1
03107.jpg,0
03108.jpg,1
03109.jpg,1
03110.jpg,1
03111.jpg,1
03112.jpg,1
03113.jpg,0
03114.jpg,0
03115.jpg,1
03116.jpg,1
03117.jpg,0
03118.jpg,1
03119.jpg,1
03120.jpg,0
03121.jpg,0
03122.jpg,0
03123.jpg,1
03124.jpg,1
03125.jpg,1
03126.jpg,0
03127.jpg,1
03128.jpg,1
03129.jpg,0
03130.jpg,1
03131.jpg,0
03132.jpg,0
03133.jpg,1
03134.jpg,1
03135.jpg,1
03136.jpg,0
03137.jpg,1
03138.jpg,1
03139.jpg,1
03140.jpg,1
03141.jpg,0
03142.jpg,1
03143.jpg,1
03144.jpg,1
03145.jpg,1
03146.jpg,1
03147.jpg,1
03148.jpg,0
03149.jpg,1
03150.jpg,0
03151.jpg,1
03152.jpg,1
03153.jpg,0
03154.jpg,1
03155.jpg,1
03156.jpg,1
03157.jpg,1
03158.jpg,0
03159.jpg,1
03160.jpg,1
03161.jpg,0
03162.jpg,0
03163.jpg,0
03164.jpg,0
03165.jpg,0
03166.jpg,1
03167.jpg,1
03168.jpg,0
03169.jpg,0
03170.jpg,0
03171.jpg,1
03172.jpg,1
03173.jpg,0
03174.jpg,0
03175.jpg,0
03176.jpg,0
03177.jpg,0
03178.jpg,0
03179.jpg,0
03180.jpg,0
03181.jpg,1
03182.jpg,0
03183.jpg,0
03184.jpg,0
03185.jpg,0
03186.jpg,0
03187.jpg,1
03188.jpg,0
03189.jpg,0
03190.jpg,0
03191.jpg,0
03192.jpg,1
03193.jpg,1
03194.jpg,0
03195.jpg,1
03196.jpg,0
03197.jpg,1
03198.jpg,1
03199.jpg,0
03200.jpg,0
03201.jpg,0
03202.jpg,0
03203.jpg,1
03204.jpg,1
03205.jpg,0
03206.jpg,0
03207.jpg,0
03208.jpg,0
03209.jpg,0
03210.jpg,1
03211.jpg,0
03212.jpg,0
03213.jpg,0
03214.jpg,0
03215.jpg,1
03216.jpg,1
03217.jpg,0
03218.jpg,1
03219.jpg,1
03220.jpg,0
03221.jpg,1
03222.jpg,1
03223.jpg,0
03224.jpg,1
03225.jpg,0
03226.jpg,0
03227.jpg,1
03228.jpg,1
03229.jpg,0
03230.jpg,0
03231.jpg,0
03232.jpg,0
03233.jpg,0
03234.jpg,0
03235.jpg,0
03236.jpg,0
03237.jpg,1
03238.jpg,0
03239.jpg,1
03240.jpg,0
03241.jpg,1
03242.jpg,1
03243.jpg,1
03244.jpg,1
03245.jpg,1
03246.jpg,1
03247.jpg,0
03248.jpg,1
03249.jpg,1
03250.jpg,1
03251.jpg,0
03252.jpg,1
03253.jpg,1
03254.jpg,1
03255.jpg,1
03256.jpg,0
03257.jpg,1
03258.jpg,1
03259.jpg,1
03260.jpg,0
03261.jpg,1
03262.jpg,1
03263.jpg,1
03264.jpg,0
03265.jpg,0
03266.jpg,1
03267.jpg,1
03268.jpg,1
03269.jpg,0
03270.jpg,0
03271.jpg,1
03272.jpg,1
03273.jpg,1
03274.jpg,0
03275.jpg,1
03276.jpg,0
03277.jpg,0
03278.jpg,0
03279.jpg,0
03280.jpg,1
03281.jpg,1
03282.jpg,1
03283.jpg,1
03284.jpg,1
03285.jpg,0
03286.jpg,1
03287.jpg,0
03288.jpg,1
03289.jpg,0
03290.jpg,1
03291.jpg,0
03292.jpg,0
03293.jpg,0
03294.jpg,0
03295.jpg,1
03296.jpg,1
03297.jpg,0
03298.jpg,1
03299.jpg,0
03300.jpg,0
03301.jpg,1
03302.jpg,1
03303.jpg,0
03304.jpg,1
03305.jpg,0
03306.jpg,0
03307.jpg,1
03308.jpg,0
03309.jpg,1
03310.jpg,1
03311.jpg,0
03312.jpg,0
03313.jpg,0
03314.jpg,1
03315.jpg,1
03316.jpg,1
03317.jpg,0
03318.jpg,0
03319.jpg,0
03320.jpg,1
03321.jpg,0
03322.jpg,1
03323.jpg,1
03324.jpg,1
03325.jpg,1
03326.jpg,0
03327.jpg,0
03328.jpg,1
03329.jpg,1
03330.jpg,1
03331.jpg,0
03332.jpg,1
03333.jpg,0
03334.jpg,0
03335.jpg,1
03336.jpg,0
03337.jpg,1
03338.jpg,1
03339.jpg,0
03340.jpg,0
03341.jpg,1
03342.jpg,0
03343.jpg,1
03344.jpg,1
03345.jpg,1
03346.jpg,1
03347.jpg,1
03348.jpg,1
03349.jpg,0
03350.jpg,0
03351.jpg,0
03352.jpg,1
03353.jpg,0
03354.jpg,0
03355.jpg,1
03356.jpg,0
03357.jpg,0
03358.jpg,0
03359.jpg,0
03360.jpg,0
03361.jpg,0
03362.jpg,0
03363.jpg,0
03364.jpg,1
03365.jpg,0
03366.jpg,1
03367.jpg,1
03368.jpg,1
03369.jpg,0
03370.jpg,1
03371.jpg,0
03372.jpg,0
03373.jpg,0
03374.jpg,1
03375.jpg,1
03376.jpg,1
03377.jpg,1
03378.jpg,0
03379.jpg,0
03380.jpg,1
03381.jpg,1
03382.jpg,0
03383.jpg,1
03384.jpg,1
03385.jpg,0
03386.jpg,1
03387.jpg,1
03388.jpg,0
03389.jpg,0
03390.jpg,1
03391.jpg,0
03392.jpg,0
03393.jpg,1
03394.jpg,1
03395.jpg,0
03396.jpg,1
03397.jpg,1
03398.jpg,1
03399.jpg,0
03400.jpg,0
03401.jpg,0
03402.jpg,1
03403.jpg,0
03404.jpg,1
03405.jpg,0
03406.jpg,0
03407.jpg,1
03408.jpg,1
03409.jpg,0
03410.jpg,1
03411.jpg,0
03412.jpg,1
03413.jpg,1
03414.jpg,0
03415.jpg,0
03416.jpg,0
03417.jpg,0
03418.jpg,0
03419.jpg,0
03420.jpg,1
03421.jpg,0
03422.jpg,0
03423.jpg,1
03424.jpg,0
03425.jpg,0
03426.jpg,0
03427.jpg,0
03428.jpg,0
03429.jpg,0
03430.jpg,0
03431.jpg,1
03432.jpg,0
03433.jpg,0
03434.jpg,0
03435.jpg,0
03436.jpg,1
03437.jpg,1
03438.jpg,0
03439.jpg,0
03440.jpg,1
03441.jpg,1
03442.jpg,1
03443.jpg,0
03444.jpg,1
03445.jpg,0
03446.jpg,0
03447.jpg,1
03448.jpg,0
03449.jpg,1
03450.jpg,1
03451.jpg,0
03452.jpg,1
03453.jpg,0
03454.jpg,0
03455.jpg,1
03456.jpg,0
03457.jpg,0
03458.jpg,0
03459.jpg,1
03460.jpg,1
03461.jpg,0
03462.jpg,1
03463.jpg,1
03464.jpg,1
03465.jpg,0
03466.jpg,1
03467.jpg,0
03468.jpg,0
03469.jpg,1
03470.jpg,1
03471.jpg,0
03472.jpg,1
03473.jpg,0
03474.jpg,0
03475.jpg,1
03476.jpg,0
03477.jpg,1
03478.jpg,0
03479.jpg,1
03480.jpg,0
03481.jpg,1
03482.jpg,1
03483.jpg,1
03484.jpg,1
03485.jpg,0
03486.jpg,0
03487.jpg,1
03488.jpg,0
03489.jpg,1
03490.jpg,0
03491.jpg,1
03492.jpg,1
03493.jpg,1
03494.jpg,0
03495.jpg,0
03496.jpg,1
03497.jpg,1
03498.jpg,1
03499.jpg,0
03500.jpg,1
03501.jpg,1
03502.jpg,0
03503.jpg,0
03504.jpg,1
03505.jpg,0
03506.jpg,1
03507.jpg,1
03508.jpg,1
03509.jpg,0
03510.jpg,0
03511.jpg,1
03512.jpg,1
03513.jpg,0
03514.jpg,0
03515.jpg,1
03516.jpg,1
03517.jpg,1
03518.jpg,0
03519.jpg,1
03520.jpg,1
03521.jpg,0
03522.jpg,1
03523.jpg,1
03524.jpg,1
03525.jpg,1
03526.jpg,0
03527.jpg,0
03528.jpg,0
03529.jpg,0
03530.jpg,1
03531.jpg,1
03532.jpg,1
03533.jpg,1
03534.jpg,1
03535.jpg,0
03536.jpg,1
03537.jpg,1
03538.jpg,1
03539.jpg,0
03540.jpg,0
03541.jpg,0
03542.jpg,0
03543.jpg,1
03544.jpg,0
03545.jpg,1
03546.jpg,0
03547.jpg,1
03548.jpg,1
03549.jpg,1
03550.jpg,1
03551.jpg,1
03552.jpg,0
03553.jpg,0
03554.jpg,0
03555.jpg,1
03556.jpg,0
03557.jpg,0
03558.jpg,1
03559.jpg,0
03560.jpg,0
03561.jpg,0
03562.jpg,1
03563.jpg,1
03564.jpg,1
03565.jpg,1
03566.jpg,0
03567.jpg,1
03568.jpg,1
03569.jpg,0
03570.jpg,1
03571.jpg,0
03572.jpg,1
03573.jpg,0
03574.jpg,1
03575.jpg,0
03576.jpg,0
03577.jpg,0
03578.jpg,0
03579.jpg,0
03580.jpg,0
03581.jpg,0
03582.jpg,1
03583.jpg,0
03584.jpg,0
03585.jpg,0
03586.jpg,1
03587.jpg,1
03588.jpg,0
03589.jpg,1
03590.jpg,1
03591.jpg,1
03592.jpg,1
03593.jpg,1
03594.jpg,0
03595.jpg,1
03596.jpg,1
03597.jpg,1
03598.jpg,1
03599.jpg,0
03600.jpg,1
03601.jpg,0
03602.jpg,0
03603.jpg,0
03604.jpg,0
03605.jpg,1
03606.jpg,0
03607.jpg,0
03608.jpg,1
03609.jpg,0
03610.jpg,1
03611.jpg,1
03612.jpg,0
03613.jpg,0
03614.jpg,0
03615.jpg,0
03616.jpg,1
03617.jpg,0
03618.jpg,1
03619.jpg,0
03620.jpg,0
03621.jpg,1
03622.jpg,1
03623.jpg,1
03624.jpg,0
03625.jpg,1
03626.jpg,0
03627.jpg,1
03628.jpg,1
03629.jpg,1
03630.jpg,0
03631.jpg,1
03632.jpg,0
03633.jpg,0
03634.jpg,0
03635.jpg,0
03636.jpg,0
03637.jpg,1
03638.jpg,0
03639.jpg,0
03640.jpg,1
03641.jpg,1
03642.jpg,1
03643.jpg,1
03644.jpg,1
03645.jpg,1
03646.jpg,1
03647.jpg,0
03648.jpg,1
03649.jpg,1
03650.jpg,0
03651.jpg,0
03652.jpg,0
03653.jpg,0
03654.jpg,1
03655.jpg,0
03656.jpg,0
03657.jpg,1
03658.jpg,0
03659.jpg,1
03660.jpg,1
03661.jpg,0
03662.jpg,0
03663.jpg,0
03664.jpg,1
03665.jpg,1
03666.jpg,1
03667.jpg,0
03668.jpg,0
03669.jpg,1
03670.jpg,1
03671.jpg,1
03672.jpg,1
03673.jpg,0
03674.jpg,0
03675.jpg,1
03676.jpg,1
03677.jpg,1
03678.jpg,1
03679.jpg,0
03680.jpg,0
03681.jpg,0
03682.jpg,0
03683.jpg,1
03684.jpg,1
03685.jpg,1
03686.jpg,0
03687.jpg,1
03688.jpg,1
03689.jpg,0
03690.jpg,1
03691.jpg,0
03692.jpg,0
03693.jpg,1
03694.jpg,1
03695.jpg,0
03696.jpg,0
03697.jpg,0
03698.jpg,0
03699.jpg,0
03700.jpg,1
03701.jpg,0
03702.jpg,1
03703.jpg,1
03704.jpg,0
03705.jpg,0
03706.jpg,1
03707.jpg,0
03708.jpg,0
03709.jpg,1
03710.jpg,0
03711.jpg,1
03712.jpg,0
03713.jpg,1
03714.jpg,0
03715.jpg,1
03716.jpg,1
03717.jpg,0
03718.jpg,1
03719.jpg,1
03720.jpg,1
03721.jpg,1
03722.jpg,0
03723.jpg,1
03724.jpg,0
03725.jpg,0
03726.jpg,0
03727.jpg,0
03728.jpg,0
03729.jpg,0
03730.jpg,1
03731.jpg,1
03732.jpg,1
03733.jpg,1
03734.jpg,1
03735.jpg,0
03736.jpg,1
03737.jpg,0
03738.jpg,1
03739.jpg,1
03740.jpg,0
03741.jpg,0
03742.jpg,1
03743.jpg,1
03744.jpg,1
03745.jpg,0
03746.jpg,1
03747.jpg,1
03748.jpg,1
03749.jpg,0
03750.jpg,0
03751.jpg,0
03752.jpg,1
03753.jpg,1
03754.jpg,1
03755.jpg,0
03756.jpg,1
03757.jpg,0
03758.jpg,1
03759.jpg,1
03760.jpg,1
03761.jpg,0
03762.jpg,1
03763.jpg,1
03764.jpg,0
03765.jpg,0
03766.jpg,0
03767.jpg,1
03768.jpg,1
03769.jpg,1
03770.jpg,0
03771.jpg,0
03772.jpg,1
03773.jpg,1
03774.jpg,0
03775.jpg,0
03776.jpg,1
03777.jpg,1
03778.jpg,1
03779.jpg,1
03780.jpg,1
03781.jpg,0
03782.jpg,1
03783.jpg,0
03784.jpg,1
03785.jpg,0
03786.jpg,1
03787.jpg,0
03788.jpg,1
03789.jpg,1
03790.jpg,0
03791.jpg,0
03792.jpg,1
03793.jpg,1
03794.jpg,1
03795.jpg,0
03796.jpg,1
03797.jpg,0
03798.jpg,0
03799.jpg,0
03800.jpg,0
03801.jpg,0
03802.jpg,1
03803.jpg,1
03804.jpg,0
03805.jpg,1
03806.jpg,1
03807.jpg,1
03808.jpg,1
03809.jpg,0
03810.jpg,1
03811.jpg,0
03812.jpg,0
03813.jpg,0
03814.jpg,1
03815.jpg,0
03816.jpg,0
03817.jpg,0
03818.jpg,0
03819.jpg,1
03820.jpg,0
03821.jpg,1
03822.jpg,0
03823.jpg,0
03824.jpg,1
03825.jpg,1
03826.jpg,0
03827.jpg,1
03828.jpg,1
03829.jpg,1
03830.jpg,1
03831.jpg,1
03832.jpg,1
03833.jpg,1
03834.jpg,1
03835.jpg,0
03836.jpg,1
03837.jpg,1
03838.jpg,1
03839.jpg,0
03840.jpg,0
03841.jpg,1
03842.jpg,0
03843.jpg,0
03844.jpg,0
03845.jpg,1
03846.jpg,1
03847.jpg,1
03848.jpg,1
03849.jpg,0
03850.jpg,1
03851.jpg,1
03852.jpg,0
03853.jpg,1
03854.jpg,1
03855.jpg,1
03856.jpg,0
03857.jpg,0
03858.jpg,1
03859.jpg,1
03860.jpg,1
03861.jpg,0
03862.jpg,1
03863.jpg,0
03864.jpg,0
03865.jpg,0
03866.jpg,0
03867.jpg,1
03868.jpg,0
03869.jpg,0
03870.jpg,0
03871.jpg,0
03872.jpg,1
03873.jpg,1
03874.jpg,0
03875.jpg,0
03876.jpg,0
03877.jpg,1
03878.jpg,1
03879.jpg,0
03880.jpg,0
03881.jpg,0
03882.jpg,0
03883.jpg,0
03884.jpg,0
03885.jpg,1
03886.jpg,1
03887.jpg,1
03888.jpg,0
03889.jpg,1
03890.jpg,1
03891.jpg,1
03892.jpg,1
03893.jpg,0
03894.jpg,0
03895.jpg,0
03896.jpg,0
03897.jpg,0
03898.jpg,0
03899.jpg,0
03900.jpg,1
03901.jpg,0
03902.jpg,1
03903.jpg,0
03904.jpg,1
03905.jpg,0
03906.jpg,0
03907.jpg,0
03908.jpg,0
03909.jpg,0
03910.jpg,0
03911.jpg,0
03912.jpg,1
03913.jpg,1
03914.jpg,0
03915.jpg,1
03916.jpg,0
03917.jpg,0
03918.jpg,1
03919.jpg,0
03920.jpg,0
03921.jpg,0
03922.jpg,1
03923.jpg,0
03924.jpg,0
03925.jpg,1
03926.jpg,1
03927.jpg,1
03928.jpg,1
03929.jpg,0
03930.jpg,0
03931.jpg,1
03932.jpg,1
03933.jpg,1
03934.jpg,1
03935.jpg,0
03936.jpg,1
03937.jpg,1
03938.jpg,1
03939.jpg,0
03940.jpg,0
03941.jpg,1
03942.jpg,0
03943.jpg,1
03944.jpg,0
03945.jpg,1
03946.jpg,0
03947.jpg,1
03948.jpg,1
03949.jpg,0
03950.jpg,0
03951.jpg,1
03952.jpg,0
03953.jpg,0
03954.jpg,0
03955.jpg,0
03956.jpg,1
03957.jpg,1
03958.jpg,1
03959.jpg,1
03960.jpg,1
03961.jpg,1
03962.jpg,1
03963.jpg,1
03964.jpg,1
03965.jpg,1
03966.jpg,1
03967.jpg,0
03968.jpg,0
03969.jpg,0
03970.jpg,1
03971.jpg,1
03972.jpg,0
03973.jpg,0
03974.jpg,1
03975.jpg,0
03976.jpg,0
03977.jpg,1
03978.jpg,0
03979.jpg,1
03980.jpg,1
03981.jpg,1
03982.jpg,1
03983.jpg,0
03984.jpg,1
03985.jpg,1
03986.jpg,1
03987.jpg,0
03988.jpg,1
03989.jpg,1
03990.jpg,0
03991.jpg,1
03992.jpg,1
03993.jpg,1
03994.jpg,1
03995.jpg,1
03996.jpg,1
03997.jpg,0
03998.jpg,0
03999.jpg,0
04000.jpg,0
04001.jpg,0
04002.jpg,1
04003.jpg,1
04004.jpg,0
04005.jpg,0
04006.jpg,0
04007.jpg,1
04008.jpg,0
04009.jpg,1
04010.jpg,1
04011.jpg,0
04012.jpg,1
04013.jpg,1
04014.jpg,0
04015.jpg,0
04016.jpg,0
04017.jpg,0
04018.jpg,1
04019.jpg,0
04020.jpg,0
04021.jpg,0
04022.jpg,0
04023.jpg,0
04024.jpg,0
04025.jpg,0
04026.jpg,0
04027.jpg,0
04028.jpg,0
04029.jpg,1
04030.jpg,1
04031.jpg,0
04032.jpg,0
04033.jpg,0
04034.jpg,0
04035.jpg,1
04036.jpg,1
04037.jpg,0
04038.jpg,0
04039.jpg,1
04040.jpg,0
04041.jpg,1
04042.jpg,1
04043.jpg,0
04044.jpg,0
04045.jpg,0
04046.jpg,1
04047.jpg,0
04048.jpg,1
04049.jpg,0
04050.jpg,1
04051.jpg,1
04052.jpg,0
04053.jpg,0
04054.jpg,0
04055.jpg,1
04056.jpg,1
04057.jpg,0
04058.jpg,1
04059.jpg,0
04060.jpg,0
04061.jpg,0
04062.jpg,1
04063.jpg,0
04064.jpg,0
04065.jpg,1
04066.jpg,0
04067.jpg,0
04068.jpg,1
04069.jpg,0
04070.jpg,1
04071.jpg,1
04072.jpg,1
04073.jpg,0
04074.jpg,0
04075.jpg,1
04076.jpg,0
04077.jpg,0
04078.jpg,1
04079.jpg,0
04080.jpg,0
04081.jpg,0
04082.jpg,1
04083.jpg,1
04084.jpg,0
04085.jpg,0
04086.jpg,1
04087.jpg,0
04088.jpg,0
04089.jpg,1
04090.jpg,0
04091.jpg,0
04092.jpg,0
04093.jpg,1
04094.jpg,1
04095.jpg,0
04096.jpg,1
04097.jpg,0
04098.jpg,1
04099.jpg,1
04100.jpg,0
04101.jpg,0
04102.jpg,0
04103.jpg,0
04104.jpg,0
04105.jpg,0
04106.jpg,1
04107.jpg,0
04108.jpg,1
04109.jpg,1
04110.jpg,1
04111.jpg,1
04112.jpg,0
04113.jpg,0
04114.jpg,1
04115.jpg,1
04116.jpg,1
04117.jpg,1
04118.jpg,1
04119.jpg,1
04120.jpg,1
04121.jpg,0
04122.jpg,0
04123.jpg,1
04124.jpg,1
04125.jpg,1
04126.jpg,1
04127.jpg,0
04128.jpg,0
04129.jpg,0
04130.jpg,1
04131.jpg,1
04132.jpg,0
04133.jpg,0
04134.jpg,0
04135.jpg,1
04136.jpg,0
04137.jpg,0
04138.jpg,1
04139.jpg,1
04140.jpg,1
04141.jpg,0
04142.jpg,0
04143.jpg,0
04144.jpg,1
04145.jpg,0
04146.jpg,1
04147.jpg,0
04148.jpg,1
04149.jpg,1
04150.jpg,1
04151.jpg,1
04152.jpg,1
04153.jpg,1
04154.jpg,1
04155.jpg,1
04156.jpg,1
04157.jpg,0
04158.jpg,1
04159.jpg,0
04160.jpg,1
04161.jpg,0
04162.jpg,0
04163.jpg,0
04164.jpg,1
04165.jpg,0
04166.jpg,0
04167.jpg,1
04168.jpg,1
04169.jpg,1
04170.jpg,0
04171.jpg,1
04172.jpg,1
04173.jpg,1
04174.jpg,1
04175.jpg,1
04176.jpg,0
04177.jpg,0
04178.jpg,0
04179.jpg,0
04180.jpg,1
04181.jpg,1
04182.jpg,0
04183.jpg,0
04184.jpg,1
04185.jpg,1
04186.jpg,0
04187.jpg,0
04188.jpg,0
04189.jpg,1
04190.jpg,1
04191.jpg,0
04192.jpg,1
04193.jpg,1
04194.jpg,1
04195.jpg,1
04196.jpg,1
04197.jpg,1
04198.jpg,1
04199.jpg,0
04200.jpg,1
04201.jpg,1
04202.jpg,1
04203.jpg,1
04204.jpg,0
04205.jpg,1
04206.jpg,1
04207.jpg,1
04208.jpg,1
04209.jpg,0
04210.jpg,0
04211.jpg,0
04212.jpg,1
04213.jpg,1
04214.jpg,0
04215.jpg,0
04216.jpg,0
04217.jpg,0
04218.jpg,0
04219.jpg,0
04220.jpg,0
04221.jpg,1
04222.jpg,0
04223.jpg,1
04224.jpg,1
04225.jpg,1
04226.jpg,0
04227.jpg,0
04228.jpg,0
04229.jpg,0
04230.jpg,0
04231.jpg,0
04232.jpg,0
04233.jpg,1
04234.jpg,1
04235.jpg,0
04236.jpg,1
04237.jpg,0
04238.jpg,1
04239.jpg,1
04240.jpg,0
04241.jpg,1
04242.jpg,1
04243.jpg,0
04244.jpg,1
04245.jpg,1
04246.jpg,0
04247.jpg,1
04248.jpg,1
04249.jpg,0
04250.jpg,1
04251.jpg,0
04252.jpg,1
04253.jpg,1
04254.jpg,0
04255.jpg,1
04256.jpg,0
04257.jpg,1
04258.jpg,0
04259.jpg,0
04260.jpg,1
04261.jpg,1
04262.jpg,1
04263.jpg,0
04264.jpg,1
04265.jpg,0
04266.jpg,1
04267.jpg,0
04268.jpg,0
04269.jpg,0
04270.jpg,1
04271.jpg,1
04272.jpg,1
04273.jpg,1
04274.jpg,0
04275.jpg,1
04276.jpg,1
04277.jpg,0
04278.jpg,1
04279.jpg,0
04280.jpg,0
04281.jpg,0
04282.jpg,0
04283.jpg,0
04284.jpg,0
04285.jpg,1
04286.jpg,1
04287.jpg,0
04288.jpg,1
04289.jpg,1
04290.jpg,0
04291.jpg,0
04292.jpg,0
04293.jpg,0
04294.jpg,1
04295.jpg,1
04296.jpg,1
04297.jpg,0
04298.jpg,1
04299.jpg,0
04300.jpg,0
04301.jpg,0
04302.jpg,1
04303.jpg,1
04304.jpg,1
04305.jpg,1
04306.jpg,1
04307.jpg,1
04308.jpg,0
04309.jpg,0
04310.jpg,0
04311.jpg,0
04312.jpg,1
04313.jpg,0
04314.jpg,1
04315.jpg,0
04316.jpg,1
04317.jpg,0
04318.jpg,0
04319.jpg,0
04320.jpg,1
04321.jpg,0
04322.jpg,1
04323.jpg,1
04324.jpg,0
04325.jpg,1
04326.jpg,1
04327.jpg,1
04328.jpg,0
04329.jpg,1
04330.jpg,0
04331.jpg,0
04332.jpg,0
04333.jpg,0
04334.jpg,1
04335.jpg,1
04336.jpg,0
04337.jpg,1
04338.jpg,0
04339.jpg,1
04340.jpg,1
04341.jpg,1
04342.jpg,1
04343.jpg,1
04344.jpg,0
04345.jpg,1
04346.jpg,1
04347.jpg,0
04348.jpg,0
04349.jpg,0
04350.jpg,0
04351.jpg,0
04352.jpg,1
04353.jpg,1
04354.jpg,1
04355.jpg,0
04356.jpg,0
04357.jpg,1
04358.jpg,1
04359.jpg,1
04360.jpg,1
04361.jpg,1
04362.jpg,0
04363.jpg,0
04364.jpg,0
04365.jpg,0
04366.jpg,0
04367.jpg,0
04368.jpg,1
04369.jpg,1
04370.jpg,0
04371.jpg,1
04372.jpg,1
04373.jpg,0
04374.jpg,0
04375.jpg,0
04376.jpg,1
04377.jpg,1
04378.jpg,0
04379.jpg,0
04380.jpg,0
04381.jpg,1
04382.jpg,1
04383.jpg,1
04384.jpg,0
04385.jpg,0
04386.jpg,0
04387.jpg,0
04388.jpg,1
04389.jpg,0
04390.jpg,1
04391.jpg,0
04392.jpg,1
04393.jpg,0
04394.jpg,0
04395.jpg,0
04396.jpg,1
04397.jpg,0
04398.jpg,0
04399.jpg,1
04400.jpg,0
04401.jpg,1
04402.jpg,1
04403.jpg,1
04404.jpg,0
04405.jpg,0
04406.jpg,0
04407.jpg,0
04408.jpg,1
04409.jpg,0
04410.jpg,0
04411.jpg,0
04412.jpg,0
04413.jpg,0
04414.jpg,1
04415.jpg,0
04416.jpg,1
04417.jpg,1
04418.jpg,0
04419.jpg,1
04420.jpg,0
04421.jpg,1
04422.jpg,0
04423.jpg,0
04424.jpg,1
04425.jpg,0
04426.jpg,0
04427.jpg,0
04428.jpg,0
04429.jpg,0
04430.jpg,1
04431.jpg,1
04432.jpg,0
04433.jpg,1
04434.jpg,0
04435.jpg,0
04436.jpg,1
04437.jpg,0
04438.jpg,1
04439.jpg,0
04440.jpg,0
04441.jpg,1
04442.jpg,1
04443.jpg,0
04444.jpg,0
04445.jpg,0
04446.jpg,1
04447.jpg,0
04448.jpg,0
04449.jpg,1
04450.jpg,1
04451.jpg,0
04452.jpg,0
04453.jpg,0
04454.jpg,1
04455.jpg,0
04456.jpg,1
04457.jpg,1
04458.jpg,0
04459.jpg,0
04460.jpg,0
04461.jpg,1
04462.jpg,1
04463.jpg,0
04464.jpg,1
04465.jpg,0
04466.jpg,0
04467.jpg,1
04468.jpg,1
04469.jpg,1
04470.jpg,0
04471.jpg,1
04472.jpg,1
04473.jpg,1
04474.jpg,1
04475.jpg,0
04476.jpg,1
04477.jpg,1
04478.jpg,1
04479.jpg,1
04480.jpg,1
04481.jpg,0
04482.jpg,0
04483.jpg,0
04484.jpg,0
04485.jpg,1
04486.jpg,0
04487.jpg,0
04488.jpg,1
04489.jpg,0
04490.jpg,0
04491.jpg,1
04492.jpg,1
04493.jpg,0
04494.jpg,1
04495.jpg,0
04496.jpg,0
04497.jpg,0
04498.jpg,0
